{
  "percentiles": {
    "P25": 193218.625,
    "P75": 2452433.84375,
    "P90": 16700213.250000006
  },
  "tier_statistics": {
    "tier_1": {
      "3": {
        "mean_decline_rate": -0.3539622095009333,
        "median_decline_rate": -0.6908307848211216,
        "std_decline_rate": 1.5919366187795239,
        "count": 31
      },
      "4": {
        "mean_decline_rate": -0.5915514045192054,
        "median_decline_rate": -0.750825946246457,
        "std_decline_rate": 0.41876793315955996,
        "count": 26
      },
      "5": {
        "mean_decline_rate": -0.481470440622801,
        "median_decline_rate": -0.5582540708591128,
        "std_decline_rate": 0.47226034553429,
        "count": 16
      },
      "6": {
        "mean_decline_rate": -0.28479666383872837,
        "median_decline_rate": -0.33404698567161195,
        "std_decline_rate": 0.3909491940344511,
        "count": 10
      },
      "7": {
        "mean_decline_rate": 0.38109883567122216,
        "median_decline_rate": -0.19172948073701843,
        "std_decline_rate": 1.3819717303704966,
        "count": 8
      },
      "8": {
        "mean_decline_rate": -0.22824333245751424,
        "median_decline_rate": -0.2609824472505156,
        "std_decline_rate": 0.45384701943315797,
        "count": 4
      },
      "9": {
        "mean_decline_rate": -0.6779549162460329,
        "median_decline_rate": -0.6294490492442711,
        "std_decline_rate": 0.16449648525400537,
        "count": 3
      },
      "10": {
        "mean_decline_rate": -0.044518716577540085,
        "median_decline_rate": -0.044518716577540085,
        "std_decline_rate": 0.8407764320686034,
        "count": 2
      }
    },
    "tier_2": {
      "3": {
        "mean_decline_rate": -0.517217493601278,
        "median_decline_rate": -0.5998465822032513,
        "std_decline_rate": 0.2857902328360208,
        "count": 62
      },
      "4": {
        "mean_decline_rate": -0.5958735355169933,
        "median_decline_rate": -0.6299774954438148,
        "std_decline_rate": 0.24287147037924298,
        "count": 60
      },
      "5": {
        "mean_decline_rate": -0.5133765653033827,
        "median_decline_rate": -0.5973977308521607,
        "std_decline_rate": 0.2819431744719331,
        "count": 56
      },
      "6": {
        "mean_decline_rate": 0.3254909236273805,
        "median_decline_rate": -0.4918520461320203,
        "std_decline_rate": 4.819888010479351,
        "count": 40
      },
      "7": {
        "mean_decline_rate": 0.5763120689819781,
        "median_decline_rate": -0.44425185344478374,
        "std_decline_rate": 3.7636065494072484,
        "count": 32
      },
      "8": {
        "mean_decline_rate": -0.18053810947241142,
        "median_decline_rate": -0.48659176456066067,
        "std_decline_rate": 1.4013656354724497,
        "count": 26
      },
      "9": {
        "mean_decline_rate": -0.2362311731875063,
        "median_decline_rate": -0.3240848043085157,
        "std_decline_rate": 0.9464712350949493,
        "count": 17
      },
      "10": {
        "mean_decline_rate": 7.6407049239609055,
        "median_decline_rate": -0.47541350022351364,
        "std_decline_rate": 22.01894090081274,
        "count": 15
      },
      "11": {
        "mean_decline_rate": -0.10762496116763132,
        "median_decline_rate": -0.14271541408430213,
        "std_decline_rate": 0.5960567128510548,
        "count": 12
      },
      "12": {
        "mean_decline_rate": -0.36385368932832796,
        "median_decline_rate": -0.31180348809801905,
        "std_decline_rate": 0.26475639971926085,
        "count": 8
      },
      "13": {
        "mean_decline_rate": 0.2776152246466295,
        "median_decline_rate": 0.02054154995331466,
        "std_decline_rate": 0.9241538867704617,
        "count": 7
      },
      "14": {
        "mean_decline_rate": 0.36559014499959047,
        "median_decline_rate": 0.04121904695071455,
        "std_decline_rate": 1.0700676778709506,
        "count": 6
      },
      "15": {
        "mean_decline_rate": -0.17194401562301329,
        "median_decline_rate": -0.41686077543272754,
        "std_decline_rate": 0.9488373138630778,
        "count": 6
      },
      "16": {
        "mean_decline_rate": 0.6667131932799883,
        "median_decline_rate": 0.16813931808790408,
        "std_decline_rate": 1.6234972892848925,
        "count": 4
      },
      "17": {
        "mean_decline_rate": 0.24159947041514085,
        "median_decline_rate": 0.13634575642463828,
        "std_decline_rate": 0.5444017915715578,
        "count": 4
      },
      "18": {
        "mean_decline_rate": -0.2099437871614112,
        "median_decline_rate": -0.37364776551663054,
        "std_decline_rate": 0.46103222090707857,
        "count": 4
      },
      "19": {
        "mean_decline_rate": 0.2547199650616982,
        "median_decline_rate": 0.11250646247728954,
        "std_decline_rate": 1.1180940540252748,
        "count": 4
      },
      "20": {
        "mean_decline_rate": 0.19983550140121537,
        "median_decline_rate": 0.09218283785992999,
        "std_decline_rate": 0.6294099998763933,
        "count": 4
      },
      "21": {
        "mean_decline_rate": 4.204227666261067,
        "median_decline_rate": 0.3362363626331722,
        "std_decline_rate": 8.494121583434017,
        "count": 4
      },
      "22": {
        "mean_decline_rate": -0.02867301463653508,
        "median_decline_rate": 0.252217615860296,
        "std_decline_rate": 0.7053951866479368,
        "count": 3
      },
      "23": {
        "mean_decline_rate": -0.3243150090070932,
        "median_decline_rate": -0.33635594244952244,
        "std_decline_rate": 0.39428279373932124,
        "count": 3
      },
      "24": {
        "mean_decline_rate": 0.2785536740537676,
        "median_decline_rate": 0.2785536740537676,
        "std_decline_rate": 0.05229852312241682,
        "count": 2
      },
      "25": {
        "mean_decline_rate": 0.4706491627739189,
        "median_decline_rate": 0.4706491627739189,
        "std_decline_rate": 0.4510133848086366,
        "count": 2
      },
      "26": {
        "mean_decline_rate": -0.13829578635473502,
        "median_decline_rate": -0.13829578635473502,
        "std_decline_rate": 0.3370752143001798,
        "count": 2
      },
      "27": {
        "mean_decline_rate": -0.11763558762773882,
        "median_decline_rate": -0.11763558762773882,
        "std_decline_rate": 0.6444539323196976,
        "count": 2
      },
      "28": {
        "mean_decline_rate": -0.04228295639593421,
        "median_decline_rate": -0.04228295639593421,
        "std_decline_rate": 0.7448068246668281,
        "count": 2
      },
      "29": {
        "mean_decline_rate": -0.09759898161196312,
        "median_decline_rate": -0.09759898161196312,
        "std_decline_rate": 0.17790024601755414,
        "count": 2
      },
      "30": {
        "mean_decline_rate": 1.8330847553832805,
        "median_decline_rate": 1.8330847553832805,
        "std_decline_rate": 0.49302887479020296,
        "count": 2
      },
      "31": {
        "mean_decline_rate": -0.7261346015689241,
        "median_decline_rate": -0.7261346015689241,
        "std_decline_rate": 0.0905170319630201,
        "count": 2
      },
      "32": {
        "mean_decline_rate": 0.24113540000269557,
        "median_decline_rate": 0.24113540000269557,
        "std_decline_rate": 1.5006342288040542,
        "count": 2
      },
      "33": {
        "mean_decline_rate": 0.2641467922384767,
        "median_decline_rate": 0.2641467922384767,
        "std_decline_rate": 0.27991610501899966,
        "count": 2
      },
      "34": {
        "mean_decline_rate": -0.4545104562737643,
        "median_decline_rate": -0.4545104562737643,
        "std_decline_rate": 0.3577812438762238,
        "count": 2
      },
      "35": {
        "mean_decline_rate": 1.12512617012617,
        "median_decline_rate": 1.12512617012617,