gov_id,樣本數,總票房,平均票房,最大票房
30738,19,44698217.0,2352537.736842105,18291457.0
30739,23,248086586.0,10786373.304347826,104683058.0
31123,16,106149257.0,6634328.5625,47206829.0
